<?xml version="1.0" encoding="UTF-8"?>

<!--
FILE INFORMATION

OMA Permanent Document
   File: OMA-SUP-XML_1-V1_2-20201110-A.xml
   Path: http://www.openmobilealliance.org/release/ObjLwM2M_Server/

OMNA LwM2M Registry
   Path: https://github.com/OpenMobileAlliance/lwm2m-registry
   Name: 1.xml

NORMATIVE INFORMATION

  Information about this file can be found in the latest revision of

    OMA-TS-LightweightM2M_Core-V1_2

  This is available at http://www.openmobilealliance.org/release/LightweightM2M/

  Send comments to https://github.com/OpenMobileAlliance/OMA_LwM2M_for_Developers/issues

LEGAL DISCLAIMER

  Copyright 2020 Open Mobile Alliance.

  Redistribution and use in source and binary forms, with or without
  modification, are permitted provided that the following conditions
  are met:

  1. Redistributions of source code must retain the above copyright
  notice, this list of conditions and the following disclaimer.
  2. Redistributions in binary form must reproduce the above copyright
  notice, this list of conditions and the following disclaimer in the
  documentation and/or other materials provided with the distribution.
  3. Neither the name of the copyright holder nor the names of its
  contributors may be used to endorse or promote products derived
  from this software without specific prior written permission.

  THIS SOFTWARE IS PROVIDED BY THE COPYRIGHT HOLDERS AND CONTRIBUTORS
  "AS IS" AND ANY EXPRESS OR IMPLIED WARRANTIES, INCLUDING, BUT NOT
  LIMITED TO, THE IMPLIED WARRANTIES OF MERCHANTABILITY AND FITNESS
  FOR A PARTICULAR PURPOSE ARE DISCLAIMED. IN NO EVENT SHALL THE
  COPYRIGHT HOLDER OR CONTRIBUTORS BE LIABLE FOR ANY DIRECT, INDIRECT,
  INCIDENTAL, SPECIAL, EXEMPLARY, OR CONSEQUENTIAL DAMAGES (INCLUDING,
  BUT NOT LIMITED TO, PROCUREMENT OF SUBSTITUTE GOODS OR SERVICES;
  LOSS OF USE, DATA, OR PROFITS; OR BUSINESS INTERRUPTION) HOWEVER
  CAUSED AND ON ANY THEORY OF LIABILITY, WHETHER IN CONTRACT, STRICT
  LIABILITY, OR TORT (INCLUDING NEGLIGENCE OR OTHERWISE) ARISING IN
  ANY WAY OUT OF THE USE OF THIS SOFTWARE, EVEN IF ADVISED OF THE
  POSSIBILITY OF SUCH DAMAGE.

  The above license is used as a license under copyright only.  Please
  reference the OMA IPR Policy for patent licensing terms:
  https://www.omaspecworks.org/about/intellectual-property-rights/

-->

<LWM2M xmlns:xsi="http://www.w3.org/2001/XMLSchema-instance" xsi:noNamespaceSchemaLocation="http://www.openmobilealliance.org/tech/profiles/LWM2M-v1_1.xsd">
  <Object ObjectType="MODefinition">
		<Name>LwM2M Server</Name>
		<Description1><![CDATA[This LwM2M Objects provides the data related to a LwM2M Server. A Bootstrap-Server has no such an Object Instance associated to it.]]></Description1>
		<ObjectID>1</ObjectID>
		<ObjectURN>urn:oma:lwm2m:oma:1:1.2</ObjectURN>
		<LWM2MVersion>1.2</LWM2MVersion>
		<ObjectVersion>1.2</ObjectVersion>
		<MultipleInstances>Multiple</MultipleInstances>
		<Mandatory>Mandatory</Mandatory>
		<Resources>
			<Item ID="0">
				<Name>Short Server ID</Name>
				<Operations>R</Operations>
				<MultipleInstances>Single</MultipleInstances>
				<Mandatory>Mandatory</Mandatory>
				<Type>Integer</Type>
				<RangeEnumeration>1..65534</RangeEnumeration>
				<Units></Units>
				<Description><![CDATA[Used as link to associate server Object Instance.]]></Description>
			</Item>
			<Item ID="1">
				<Name>Lifetime</Name>
				<Operations>RW</Operations>
				<MultipleInstances>Single</MultipleInstances>
				<Mandatory>Mandatory</Mandatory>
				<Type>Integer</Type>
				<RangeEnumeration></RangeEnumeration>
				<Units>s</Units>
				<Description><![CDATA[Specify the lifetime of the registration in seconds (see Client Registration Interface). If the value is set to 0, the lifetime is infinite.]]></Description>
			</Item>
			<Item ID="2">
				<Name>Default Minimum Period</Name>
				<Operations>RW</Operations>
				<MultipleInstances>Single</MultipleInstances>
				<Mandatory>Optional</Mandatory>
				<Type>Integer</Type>
				<RangeEnumeration></RangeEnumeration>
				<Units>s</Units>
				<Description><![CDATA[The default value the LwM2M Client should use for the Minimum Period of an Observation in the absence of this parameter being included in an Observation.
If this Resource doesn’t exist, the default value is 0.]]></Description>
			</Item>
			<Item ID="3">
				<Name>Default Maximum Period</Name>
				<Operations>RW</Operations>
				<MultipleInstances>Single</MultipleInstances>
				<Mandatory>Optional</Mandatory>
				<Type>Integer</Type>
				<RangeEnumeration></RangeEnumeration>
				<Units>s</Units>
				<Description><![CDATA[The default value the LwM2M Client should use for the Maximum Period of an Observation in the absence of this parameter being included in an Observation.]]></Description>
			</Item>
			<Item ID="4">
				<Name>Disable</Name>
				<Operations>E</Operations>
				<MultipleInstances>Single</MultipleInstances>
				<Mandatory>Optional</Mandatory>
				<Type></Type>
				<RangeEnumeration></RangeEnumeration>
				<Units></Units>
				<Description><![CDATA[If this Resource is executed, this LwM2M Server Object is disabled for a certain period defined in the Disabled Timeout Resource. After receiving "Execute" operation, LwM2M Client MUST send response of the operation and perform de-registration process, and underlying network connection between the Client and Server MUST be disconnected to disable the LwM2M Server account.
After the above process, the LwM2M Client MUST NOT send any message to the Server and ignore all the messages from the LwM2M Server for the period.]]></Description>
			</Item>
			<Item ID="5">
				<Name>Disable Timeout</Name>
				<Operations>RW</Operations>
				<MultipleInstances>Single</MultipleInstances>
				<Mandatory>Optional</Mandatory>
				<Type>Integer</Type>
				<RangeEnumeration></RangeEnumeration>
				<Units>s</Units>
				<Description><![CDATA[A period to disable the Server. After this period, the LwM2M Client MUST perform registration process to the Server. If this Resource is not set, a default timeout value is 86400 (1 day).]]></Description>
			</Item>
			<Item ID="6">
				<Name>Notification Storing When Disabled or Offline</Name>
				<Operations>RW</Operations>
				<MultipleInstances>Single</MultipleInstances>
				<Mandatory>Mandatory</Mandatory>
				<Type>Boolean</Type>
				<RangeEnumeration></RangeEnumeration>
				<Units></Units>
				<Description><![CDATA[If true, the LwM2M Client stores "Notify" operations to the LwM2M Server while the LwM2M Server account is disabled or the LwM2M Client is offline. After the LwM2M Server account is enabled or the LwM2M Client is online, the LwM2M Client reports the stored "Notify" operations to the Server.
If false, the LwM2M Client discards all the "Notify" operations or temporarily disables the Observe function while the LwM2M Server is disabled or the LwM2M Client is offline.
The default value is true.
The maximum number of storing Notifications per Server is up to the implementation.]]></Description>
			</Item>
			<Item ID="7">
				<Name>Binding</Name>
				<Operations>RW</Operations>
				<MultipleInstances>Single</MultipleInstances>
				<Mandatory>Mandatory</Mandatory>
				<Type>String</Type>
				<RangeEnumeration></RangeEnumeration>
				<Units></Units>
				<Description><![CDATA[The possible values are those listed in the LwM2M Core Specification. This Resource defines the transport binding configured for the LwM2M Client.
If the LwM2M Client supports the binding specified in this Resource, the LwM2M Client MUST use that transport for the Current Binding Mode.]]></Description>
			</Item>
			<Item ID="8">
				<Name>Registration Update Trigger</Name>
				<Operations>E</Operations>
				<MultipleInstances>Single</MultipleInstances>
				<Mandatory>Mandatory</Mandatory>
				<Type></Type>
				<RangeEnumeration></RangeEnumeration>
				<Units></Units>
				<Description><![CDATA[If this Resource is executed the LwM2M Client MUST perform an "Update" operation with this LwM2M Server. The LwM2M Client can use a transport binding supported in the Current Binding Mode, Preferred Transport resource or the transport specified as an argument in the Registration Update Trigger.]]></Description>
			</Item>
			<Item ID="9">
				<Name>Bootstrap-Request Trigger</Name>
				<Operations>E</Operations>
				<MultipleInstances>Single</MultipleInstances>
				<Mandatory>Optional</Mandatory>
				<Type></Type>
				<RangeEnumeration></RangeEnumeration>
				<Units></Units>
				<Description><![CDATA[When this Resource is executed the LwM2M Client MUST initiate a "Client Initiated Bootstrap" procedure in using the LwM2M Bootstrap-Server Account.]]></Description>
			</Item>
			<Item ID="10">
				<Name>APN Link</Name>
				<Operations>RW</Operations>
				<MultipleInstances>Single</MultipleInstances>
				<Mandatory>Optional</Mandatory>
				<Type>Objlnk</Type>
				<RangeEnumeration></RangeEnumeration>
				<Units></Units>
				<Description><![CDATA[If this resource is defined, it provides a link to the APN connection profile Object Instance (OMNA registered Object ID:11) to be used to communicate with this server.]]></Description>
			</Item>
			<Item ID="11">
				<Name>TLS-DTLS Alert Code</Name>	 			
				<Operations>R</Operations>
				<MultipleInstances>Single</MultipleInstances>
				<Mandatory>Optional</Mandatory>
				<Type>Unsigned Integer</Type>
				<RangeEnumeration>0..255</RangeEnumeration>
				<Units></Units>
				<Description><![CDATA[If this resource is defined, it contains the most recent TLS / DTLS alert message received from the LwM2M Server respective represented by the AlertDescription defined in Section 7.2 of RFC 5246. This resource set by the LwM2M Client may help the LwM2M Bootstrap-Server to determine the cause of TLS/DTLS connection failure with the respective LwM2M Server.]]></Description>
			</Item>			
			<Item ID="12">
				<Name>Last Bootstrapped</Name>
				<Operations>R</Operations>
				<MultipleInstances>Single</MultipleInstances>
				<Mandatory>Optional</Mandatory>
				<Type>Time</Type>
				<RangeEnumeration></RangeEnumeration>
				<Units></Units>
				<Description><![CDATA[If this resource is defined, it represents the last time that the bootstrap server updated this LwM2M Server Account. The LwM2M Client is responsible for updating this value. When the Bootstrap Server detects that this LwM2M Server Account is "out-of-date", the Bootstrap Server can update the LwM2M Server Account as represented by the LwM2M Server object instance.]]></Description>      
			</Item>			
			<Item ID="13">
				<Name>Registration Priority Order</Name>
			  <Operations>R</Operations>
				<MultipleInstances>Single</MultipleInstances>
				<Mandatory>Optional</Mandatory>
				<Type>Unsigned Integer</Type>
				<RangeEnumeration></RangeEnumeration>
				<Units></Units>
				<Description><![CDATA[The LwM2M Client sequences the LwM2M Server registrations in increasing order of this value. If this value is not defined, registration attempts to this server are not impacted by other server registrations.]]></Description>
			</Item>
			<Item ID="14">
				<Name>Initial Registration Delay Timer</Name>
			  <Operations>RW</Operations>
				<MultipleInstances>Single</MultipleInstances>
				<Mandatory>Optional</Mandatory>
				<Type>Unsigned Integer</Type>
				<RangeEnumeration></RangeEnumeration>
				<Units>s</Units>
				<Description><![CDATA[The delay, in seconds, before registration is attempted for this LwM2M Server based upon the completion of registration of the previous LwM2M Server in the registration order. This is only applied until the first successful registration after a successful bootstrapping sequence.]]></Description>
			</Item>
			<Item ID="15">
				<Name>Registration Failure Block</Name>
			  <Operations>R</Operations>
				<MultipleInstances>Single</MultipleInstances>
				<Mandatory>Optional</Mandatory>
				<Type>Boolean</Type>
				<RangeEnumeration></RangeEnumeration>
				<Units></Units>
				<Description><![CDATA[When set to true and registration to this LwM2M server fails, the LwM2M Client blocks registration to other servers in the order. When set to false, the LwM2M Client proceeds with registration to the next server in the order.]]></Description>
			</Item>
			<Item ID="16">
				<Name>Bootstrap on Registration Failure</Name>
			  <Operations>R</Operations>
				<MultipleInstances>Single</MultipleInstances>
				<Mandatory>Optional</Mandatory>
				<Type>Boolean</Type>
				<RangeEnumeration></RangeEnumeration>
				<Units></Units>
				<Description><![CDATA[If set to true, this indicates that the LwM2M Client should re-bootstrap when either registration is explicitly rejected by the LwM2M Server or registration is considered as failing as dictated by the other resource settings. If set to false, the LwM2M Client will continue with the registration attempts as dictated by the other resource settings.]]></Description>
			</Item>
			<Item ID="17">
				<Name>Communication Retry Count</Name>
			  <Operations>RW</Operations>
				<MultipleInstances>Single</MultipleInstances>
				<Mandatory>Optional</Mandatory>
				<Type>Unsigned Integer</Type>
				<RangeEnumeration></RangeEnumeration>
				<Units></Units>
				<Description><![CDATA[The number of successive communication attempts before which a communication sequence is considered as failed.]]></Description>
			</Item>
			<Item ID="18">
				<Name>Communication Retry Timer</Name>
			  <Operations>RW</Operations>
				<MultipleInstances>Single</MultipleInstances>
				<Mandatory>Optional</Mandatory>
				<Type>Unsigned Integer</Type>
				<RangeEnumeration></RangeEnumeration>
				<Units>s</Units>
				<Description><![CDATA[The delay, in seconds, between successive communication attempts in a communication sequence. This value is multiplied by two to the power of the communication retry attempt minus one (2**(retry attempt-1)) to create an exponential back-off.]]></Description>
			</Item>
			<Item ID="19">
				<Name>Communication Sequence Delay Timer</Name>
			  <Operations>RW</Operations>
				<MultipleInstances>Single</MultipleInstances>
				<Mandatory>Optional</Mandatory>
				<Type>Unsigned Integer</Type>
				<RangeEnumeration></RangeEnumeration>
				<Units>s</Units>
				<Description><![CDATA[The delay, in seconds, between successive communication sequences. A communication sequence is defined as the exhaustion of the Communication Retry Count and Communication Retry Timer values. A communication sequence can be applied to server registrations or bootstrapping attempts. MAX_VALUE means do not perform another communication sequence.]]></Description>
			</Item>
			<Item ID="20">
				<Name>Communication Sequence Retry Count</Name>
			  <Operations>RW</Operations>
				<MultipleInstances>Single</MultipleInstances>
				<Mandatory>Optional</Mandatory>
				<Type>Unsigned Integer</Type>
				<RangeEnumeration></RangeEnumeration>
				<Units></Units>
				<Description><![CDATA[The number of successive communication sequences before which a registration attempt is considered as failed.]]></Description>
			</Item>
			<Item ID="21">
				<Name>Trigger</Name>
				<Operations>RW</Operations>
				<MultipleInstances>Single</MultipleInstances>
				<Mandatory>Optional</Mandatory>
				<Type>Boolean</Type>
				<RangeEnumeration></RangeEnumeration>
				<Units></Units>
				<Description><![CDATA[Using the Trigger Resource a LwM2M Client can indicate whether it is reachable over SMS (value set to 'true') or not (value set to 'false'). The default value (resource not present) is 'false'. When set to 'true' the LwM2M Server MAY, for example, request the LwM2M Client to perform operations, such as the "Update" operation by sending an "Execute" operation on "Registration Update Trigger" Resource via SMS. No SMS response is expected for such a message.]]></Description>
			</Item>
			<Item ID="22">
				<Name>Preferred Transport</Name>
				<Operations>RW</Operations>
				<MultipleInstances>Single</MultipleInstances>
				<Mandatory>Optional</Mandatory>
				<Type>String</Type>
				<RangeEnumeration>The possible values are those listed in the LwM2M Core Specification</RangeEnumeration>
				<Units></Units>
				<Description><![CDATA[Only a single transport binding SHALL be present. When the LwM2M client supports multiple transports, it MAY use this transport to initiate a connection. This resource can also be used to switch between multiple transports e.g. a non-IP device can switch to UDP transport to perform firmware updates.]]></Description>
			</Item>
			<Item ID="23"><Name>Mute Send</Name>
				<Operations>RW</Operations>
				<MultipleInstances>Single</MultipleInstances>
				<Mandatory>Optional</Mandatory>
				<Type>Boolean</Type>
				<RangeEnumeration></RangeEnumeration>
				<Units></Units>
				<Description><![CDATA[If true or the Resource is not present, the LwM2M Client Send command capability is de-activated. 
If false, the LwM2M Client Send Command capability is activated.]]></Description>
			</Item>
			<Item ID="24">
				<Name>Alternate APN Links</Name>
				<Operations>RW</Operations>
				<MultipleInstances>Multiple</MultipleInstances>
				<Mandatory>Optional</Mandatory>
				<Type>Objlnk</Type>
				<RangeEnumeration></RangeEnumeration>
				<Units></Units>
				<Description><![CDATA[If this resource is defined, it provides links to alternate APN connection profile Object Instance (OMNA registered Object ID:11) to be used to communicate with this server if Resource 10 has configuration conflicts.]]></Description>
			</Item>
			<Item ID="25">
				<Name>Supported Server Versions</Name>
				<Operations>RW</Operations>
				<MultipleInstances>Multiple</MultipleInstances>
				<Mandatory>Optional</Mandatory>
				<Type>String</Type>
				<RangeEnumeration></RangeEnumeration>
				<Units></Units>
				<Description><![CDATA[This resource provides the supported enabler versions of the server to the client as a set of strings. Format for each string is 1*DIGIT"."1*DIGIT"."1*DIGIT where the third DIGIT is optional.]]></Description>
			</Item>
			<Item ID="26">
				<Name>Default Notification Mode</Name>
				<Operations>RW</Operations>
				<MultipleInstances>Single</MultipleInstances>
				<Mandatory>Optional</Mandatory>
				<Type>Integer</Type>
				<RangeEnumeration>0..1</RangeEnumeration>
				<Units></Units>
				<Description><![CDATA[This resource indicates the default mode for observations to be sent: 0 = Non-Confirmable, 1 = Confirmable.]]></Description>
			</Item>
			<Item ID="27">
				<Name>Profile ID Hash Algorithm</Name>
				<Operations>RW</Operations>
				<MultipleInstances>Single</MultipleInstances>
				<Mandatory>Optional</Mandatory>
				<Type>Unsigned Integer</Type>
				<RangeEnumeration>0..255</RangeEnumeration>
				<Units/>
				<Description><![CDATA[If this resource is defined, it contains the hash algorithm the LwM2M Server would prefer the LwM2M Client to use with the dynamically generated mode of creating Profile IDs. The numerical ID value of the 'Suite Identifiers' registered by RFC 6920 is used in this Resource.]]></Description>
                        </Item>
		</Resources>
		<Description2></Description2>
	</Object>
</LWM2M>
