<?xml version="1.0" encoding="utf-8"?>

<!-- BSD-3 Clause License

Copyright 2019 South East Water Corporation. 

Redistribution and use in source and binary forms, with or without
modification, are permitted provided that the following conditions
are met:

1. Redistributions of source code must retain the above copyright
notice, this list of conditions and the following disclaimer.
2. Redistributions in binary form must reproduce the above copyright
notice, this list of conditions and the following disclaimer in the
documentation and/or other materials provided with the distribution.
3. Neither the name of the copyright holder nor the names of its
contributors may be used to endorse or promote products derived
from this software without specific prior written permission.

THIS SOFTWARE IS PROVIDED BY THE COPYRIGHT HOLDERS AND CONTRIBUTORS
"AS IS" AND ANY EXPRESS OR IMPLIED WARRANTIES, INCLUDING, BUT NOT
LIMITED TO, THE IMPLIED WARRANTIES OF MERCHANTABILITY AND FITNESS
FOR A PARTICULAR PURPOSE ARE DISCLAIMED. IN NO EVENT SHALL THE
COPYRIGHT HOLDER OR CONTRIBUTORS BE LIABLE FOR ANY DIRECT, INDIRECT,
INCIDENTAL, SPECIAL, EXEMPLARY, OR CONSEQUENTIAL DAMAGES (INCLUDING,
BUT NOT LIMITED TO, PROCUREMENT OF SUBSTITUTE GOODS OR SERVICES;
LOSS OF USE, DATA, OR PROFITS; OR BUSINESS INTERRUPTION) HOWEVER
CAUSED AND ON ANY THEORY OF LIABILITY, WHETHER IN CONTRACT, STRICT
LIABILITY, OR TORT (INCLUDING NEGLIGENCE OR OTHERWISE) ARISING IN
ANY WAY OUT OF THE USE OF THIS SOFTWARE, EVEN IF ADVISED OF THE
POSSIBILITY OF SUCH DAMAGE.
-->

<LWM2M xmlns:xsi="http://www.w3.org/2001/XMLSchema-instance" xsi:noNamespaceSchemaLocation="http://openmobilealliance.org/tech/profiles/LWM2M.xsd">
    <Object ObjectType="MODefinition">
        <Name>Daily Maximum Flow Rate Readings</Name>
        <Description1><![CDATA[Measures the maximum flow rate and its time stamp for specified period]]></Description1>
        <ObjectID>10267</ObjectID>
        <ObjectURN>urn:oma:lwm2m:x:10267</ObjectURN>
        <LWM2MVersion>1.0</LWM2MVersion>
		<ObjectVersion>1.0</ObjectVersion>
        <MultipleInstances>Multiple</MultipleInstances>
        <Mandatory>Optional</Mandatory>
        <Resources>
            <Item ID="6000">
                <Name>Interval Period</Name>
                <Operations>R</Operations>
                <MultipleInstances>Single</MultipleInstances>
                <Mandatory>Mandatory</Mandatory>
                <Type>Integer</Type>
                <RangeEnumeration>1..864000</RangeEnumeration>
                <Units>s</Units>
                <Description><![CDATA[The Interval Period resource is an Integer value representing the width in seconds of the intervals being managed by this interval data object. This resource is read only and can only be changed by resource 11 (Change Interval Configuration). It is recommended that the Interval Period be set to a devisor of 24 hours (86400 seconds) to provide a consistent interval period. Examples of Interval Period include:-
30 = Every 30 seconds
600 = Every 10 minutes
1800 = Every 30 minutes
3600 = Hourly
7200 = Every 2 hours
14400 = Every 4 hours
43200 = Every 12 hours
86400 = Every Day
172600 = Every Second Day]]></Description>
            </Item>
            <Item ID="6001">
                <Name>Interval Start Offset</Name>
                <Operations>R</Operations>
                <MultipleInstances>Single</MultipleInstances>
                <Mandatory>Optional</Mandatory>
                <Type>Integer</Type>
                <RangeEnumeration>0..86399</RangeEnumeration>
                <Units>s</Units>
                <Description><![CDATA[The Interval Start Offset resource is a read only resource representing the number of seconds past midnight for which the first interval is recorded. If this resource is empty, it is assumed that the intervals are midnight aligned. This can be used to adjust interval boundaries. As an example, an Interval Period of 3600 seconds and an Interval Start time of 300 represents hourly interval data, starting at 00:05.]]></Description>
            </Item>
            <Item ID="6002">
                <Name>Interval UTC Offset</Name>
                <Operations>R</Operations>
                <MultipleInstances>Single</MultipleInstances>
                <Mandatory>Optional</Mandatory>
                <Type>String</Type>
                <RangeEnumeration></RangeEnumeration>
                <Units></Units>
                <Description><![CDATA[The Interval UTC Offset resource is a read only resource representing the time zone offset for this Interval Data instance. If this resource is empty, the application should use the UTC offset provided in the Device [/3/0/14] object instance resource or UTC if not provided. UTC+X [ISO 8601].]]></Description>
            </Item>
            <Item ID="6003">
                <Name>Interval Collection Start Time</Name>
                <Operations>R</Operations>
                <MultipleInstances>Single</MultipleInstances>
                <Mandatory>Mandatory</Mandatory>
                <Type>Time</Type>
                <RangeEnumeration></RangeEnumeration>
                <Units></Units>
                <Description><![CDATA[The Collection Start Time resource is a read only resource representing the time when the first interval was recorded on the device. Interval times represent the end of the interval, not the beginning. As an example, the first four hourly interval past midnight will have a timestamp of 04:00 (adjusting for UTC offset). ]]></Description>
            </Item>
            <Item ID="6004">
                <Name>Oldest Recorded Interval</Name>
                <Operations>R</Operations>
                <MultipleInstances>Single</MultipleInstances>
                <Mandatory>Mandatory</Mandatory>
                <Type>Time</Type>
                <RangeEnumeration></RangeEnumeration>
                <Units></Units>
                <Description><![CDATA[The Oldest Recorded Interval resource is a read-only resource representing the oldest available interval on the device. Interval times represent the end of the interval, not the beginning.]]></Description>
            </Item>
            <Item ID="6005">
                <Name>Last Delivered Interval</Name>
                <Operations>RW</Operations>
                <MultipleInstances>Single</MultipleInstances>
                <Mandatory>Optional</Mandatory>
                <Type>Time</Type>
                <RangeEnumeration></RangeEnumeration>
                <Units></Units>
                <Description><![CDATA[The Last Delivered Interval is a readable and writable resource used to represent the last interval delivered to the LwM2M server. Interval times represent the end of the interval, not the beginning. The setting of this resource is implementation specific but should be updated based on, either a Read request of the Latest Payload from the LwM2M server or via a confirmed delivery of Notify operation of the Latest Payload resource. This resource is writable to allow the server to adjust the Last Delivered Interval value if the server and client is out of sync.]]></Description>
            </Item>
            <Item ID="6006">
                <Name>Latest Recorded Interval</Name>
                <Operations>R</Operations>
                <MultipleInstances>Single</MultipleInstances>
                <Mandatory>Mandatory</Mandatory>
                <Type>Time</Type>
                <RangeEnumeration></RangeEnumeration>
                <Units></Units>
                <Description><![CDATA[The Latest Recorded Interval is a readable resource representing the currently highest recorded interval on the device. Interval times represent the end of the interval, not the beginning.]]></Description>
            </Item>
            <Item ID="6007">
                <Name>Interval Delivery Midnight Aligned</Name>
                <Operations>RW</Operations>
                <MultipleInstances>Single</MultipleInstances>
                <Mandatory>Mandatory</Mandatory>
                <Type>Boolean</Type>
                <RangeEnumeration></RangeEnumeration>
                <Units></Units>
                <Description><![CDATA[The Delivery Midnight Aligned is a readable and writable resource used to indicate if data is delivered only to the previous midnight (1) or if part-day data can be delivered (0). Calculating Midnight should consider the Interval UTC Offset resource, or if empty, the Device [/3/0/14] object instance resource.]]></Description>
            </Item>
            <Item ID="6008">
                <Name>Interval Historical Read</Name>
                <Operations>E</Operations>
                <MultipleInstances>Single</MultipleInstances>
                <Mandatory>Optional</Mandatory>
                <Type></Type>
                <RangeEnumeration></RangeEnumeration>
                <Units></Units>
                <Description><![CDATA[Historical Interval Read is an executable resource designed to retrieve ad-hoc interval read data. The resource takes two arguments:-
Argument 0: First Interval time to Retrieve represented as number of seconds since Jan 1st, 1970 in the UTC time zone.
Argument 1: Last interval time to Retrieve represented as number of seconds since Jan 1st, 1970 in the UTC time zone.
The dates should be inclusive based on the end time of the interval. The data retrieved from this resource will be readable (or observable) from the Historical Read Payload Resource.

As an example, the Argument List to retrieve data from Midnight 2nd March (UTC+10) to Midnight 6rd March (UTC+10) for a specific instance of the interval data object, would be constructed as follows:-

0='1488463200',1='1488808800']]></Description>
            </Item>
            <Item ID="6009">
                <Name>Interval Historical Read Payload</Name>
                <Operations>R</Operations>
                <MultipleInstances>Single</MultipleInstances>
                <Mandatory>Optional</Mandatory>
                <Type>Opaque</Type>
                <RangeEnumeration></RangeEnumeration>
                <Units></Units>
                <Description><![CDATA[The Historical Read Payload resource is the representation of the data requested by the Historical Interval Read executable resource. The format of this Opaque value should be identical to the Latest Payload resource. If no Historical Interval Read has been executed, this resource should return and empty Opaque value. This resource can either be Read from the Server or set up as an observation and Notified to the server as soon as the historical data is available. When this payload is delivered to the LwM2M server, via either a read request or a confirmed observation on this Object, Object Instance or Resource, the Historical Read Payload should be set to an empty Opaque value.]]></Description>
            </Item>
            <Item ID="6010">
                <Name>Interval Change Configuration</Name>
                <Operations>E</Operations>
                <MultipleInstances>Single</MultipleInstances>
                <Mandatory>Optional</Mandatory>
                <Type></Type>
                <RangeEnumeration></RangeEnumeration>
                <Units></Units>
                <Description><![CDATA[Change Interval Configuration is an executable resource designed to allow the Interval Period, Interval Start Offset and Interval UTC Offset to be reconfigured. The resource takes three arguments:-
Argument 0: [Mandatory] Interval Period represented as an integer as defined in the Interval Period Resource.
Argument 1: [Optional] Interval start offset represented as an integer as defined in the Interval Start Offset Resource. If not provided, leave the value as per the current configuration
Argument 2: [Optional] Interval UTC offset represented as a String as defined in the Interval UTC Offset Resource. If not provided, leave the value as per the current configuration.

Depending on the specifics of the implementation of this object, reconfiguring the Interval data object may result in the removal of all historical data for this Interval Data Object Instance. Please consult with your device vendor as to the implications of reconfiguring an Interval Data Object Instance.

As an example, the Argument List to change an interval data object instance from its existing values to one hour intervals, midnight aligned in UTC+10 time zone:-

0='3600',1='0',1='UTC+10']]></Description>
            </Item>
            <Item ID="6026">
                <Name>Start</Name>
                <Operations>E</Operations>
                <MultipleInstances>Single</MultipleInstances>
                <Mandatory>Optional</Mandatory>
                <Type></Type>
                <RangeEnumeration></RangeEnumeration>
                <Units></Units>
                <Description><![CDATA[Start is an executable resource that enables the recording of interval data. The first interval recorded will have a timestamp based on the Interval Start Offset resource. This executable resource takes no arguments. Refer to re-usable resource LogStart for further details.]]></Description>
            </Item>
            <Item ID="6027">
                <Name>Stop</Name>
                <Operations>E</Operations>
                <MultipleInstances>Single</MultipleInstances>
                <Mandatory>Optional</Mandatory>
                <Type></Type>
                <RangeEnumeration></RangeEnumeration>
                <Units></Units>
                <Description><![CDATA[Stop (LogStop) is an executable resource that disables the recording of interval data for this object instance. This executable resource takes no arguments. Refer to re-usable resource LogStop for further details.]]></Description>
            </Item>
            <Item ID="6028">
                <Name>Status</Name>
                <Operations>R</Operations>
                <MultipleInstances>Single</MultipleInstances>
                <Mandatory>Optional</Mandatory>
                <Type>Integer</Type>
                <RangeEnumeration></RangeEnumeration>
                <Units></Units>
                <Description><![CDATA[Recording Enabled is a read-only resource providing an indication of if interval data is currently being recorded for this object instance. Refer to re-usable resource LogStatus for further details.]]></Description>
            </Item>
            <Item ID="6029">
                <Name>Latest Payload</Name>
                <Operations>R</Operations>
                <MultipleInstances>Single</MultipleInstances>
                <Mandatory>Mandatory</Mandatory>
                <Type>Opaque</Type>
                <RangeEnumeration></RangeEnumeration>
                <Units></Units>
                <Description><![CDATA[The Latest Payload resource is a read-only serialised Opaque (Binary) representation of all the Interval Data between the Last Delivered Interval and the Latest Recorded Interval, accounting for the Delivery Midnight Aligned resource. When this payload is delivered to the LwM2M server, via either a read request or a confirmed observation on this Object, Object Instance or Resource, the Latest Delivered Interval should be updated. When no new data exists, an empty Opaque value should be provided.

The payload data can be provided in an implementation specific serialisation, but by default for fixed length values should use the OMA-LwM2M CBOR format encoded as follows:

1. 8-bit integer, value 2 representing OMA-LwM2M CBOR format.
2. Interval Data Instance ID/ Class [16-bit integer]
3. Timestamp of first Interval [32-bit integer] representing the number of seconds since Jan 1st, 1970 in the UTC time zone.
4. Interval Period in seconds [32-bit integer]
5. Number of intervals in Payload [16-bit integer]
6. Number of Values Per Interval [8-bit integer]
7. Size of Value 1 in bits [8-bit integer]
8. Size of Value 2 in bits [8-bit integer]
...
9. Size of Value N in bits [8-bit integer]
10. Interval 1 Value 1 [x bits]
11. Interval 1 Value 2 [x bits]
...
12. Interval 1 Value N [x bits]
...
13. Interval N Value N [x bits]

If for some implementation specific reason, there are missing intervals in the sequence, the payload may consist of multiple blocks of the above serialised data (appended into a single binary opaque value), each block representing a continuous series of interval data.
]]></Description>
            </Item>
        </Resources>
        <Description2></Description2>
    </Object>
</LWM2M>

