<?xml version="1.0" encoding="utf-8"?>

<!-- BSD-3 Clause License

Copyright 2019 oneM2M Partners. 

Redistribution and use in source and binary forms, with or without
modification, are permitted provided that the following conditions
are met:

1. Redistributions of source code must retain the above copyright
notice, this list of conditions and the following disclaimer.
2. Redistributions in binary form must reproduce the above copyright
notice, this list of conditions and the following disclaimer in the
documentation and/or other materials provided with the distribution.
3. Neither the name of the copyright holder nor the names of its
contributors may be used to endorse or promote products derived
from this software without specific prior written permission.

THIS SOFTWARE IS PROVIDED BY THE COPYRIGHT HOLDERS AND CONTRIBUTORS
"AS IS" AND ANY EXPRESS OR IMPLIED WARRANTIES, INCLUDING, BUT NOT
LIMITED TO, THE IMPLIED WARRANTIES OF MERCHANTABILITY AND FITNESS
FOR A PARTICULAR PURPOSE ARE DISCLAIMED. IN NO EVENT SHALL THE
COPYRIGHT HOLDER OR CONTRIBUTORS BE LIABLE FOR ANY DIRECT, INDIRECT,
INCIDENTAL, SPECIAL, EXEMPLARY, OR CONSEQUENTIAL DAMAGES (INCLUDING,
BUT NOT LIMITED TO, PROCUREMENT OF SUBSTITUTE GOODS OR SERVICES;
LOSS OF USE, DATA, OR PROFITS; OR BUSINESS INTERRUPTION) HOWEVER
CAUSED AND ON ANY THEORY OF LIABILITY, WHETHER IN CONTRACT, STRICT
LIABILITY, OR TORT (INCLUDING NEGLIGENCE OR OTHERWISE) ARISING IN
ANY WAY OUT OF THE USE OF THIS SOFTWARE, EVEN IF ADVISED OF THE
POSSIBILITY OF SUCH DAMAGE.
-->

<LWM2M xmlns:xsi="http://www.w3.org/2001/XMLSchema-instance" xsi:noNamespaceSchemaLocation="http://openmobilealliance.org/tech/profiles/LWM2M.xsd">
	<Object ObjectType="MODefinition">
		<Name>CmdhBackOffParametersSet</Name>
		<Description1><![CDATA[This Object defines set of parameters which can be referenced by a specific Instance of the CmdhNwAccessRule Object (ID: 2055)]]></Description1>
		<ObjectID>2057</ObjectID>
		<ObjectURN>urn:oma:lwm2m:ext:2057</ObjectURN>
		<LWM2MVersion>1.0</LWM2MVersion>
		<ObjectVersion>1.0</ObjectVersion>
		<MultipleInstances>Multiple</MultipleInstances>
		<Mandatory>Optional</Mandatory>
		<Resources>
			<Item ID="0"><Name>NetworkAction</Name>
				<Operations>RW</Operations>
				<MultipleInstances>Single</MultipleInstances>
				<Mandatory>Optional</Mandatory>
				<Type>Integer</Type>
				<RangeEnumeration>1..5</RangeEnumeration>
				<Units></Units>
				<Description><![CDATA[Contains specific action actually  attempted on the network (e.g. cellular-registration)]]></Description>
			</Item>
			<Item ID="1"><Name>InitialBackoffTime</Name>
				<Operations>RW</Operations>
				<MultipleInstances>Single</MultipleInstances>
				<Mandatory>Mandatory</Mandatory>
				<Type>Integer</Type>
				<RangeEnumeration></RangeEnumeration>
				<Units>ms</Units>
				<Description><![CDATA[Regarding the BackOffParameters of a certain CmdhNwAccessRule  Object Instance, this Resource contains the value for the Initial wait time. ]]></Description>
			</Item>
			<Item ID="2"><Name>AdditionalBackoffTime</Name>
				<Operations>RW</Operations>
				<MultipleInstances>Single</MultipleInstances>
				<Mandatory>Mandatory</Mandatory>
				<Type>Integer</Type>
				<RangeEnumeration></RangeEnumeration>
				<Units>ms</Units>
				<Description><![CDATA[Regarding the BackOffParameters of a certain CmdhNwAccessRule  Object Instance, this Resource contains the value for an additional wait tme.]]></Description>
			</Item>
			<Item ID="3"><Name>MaximumBackoffTime</Name>
				<Operations>RW</Operations>
				<MultipleInstances>Single</MultipleInstances>
				<Mandatory>Mandatory</Mandatory>
				<Type>Integer</Type>
				<RangeEnumeration></RangeEnumeration>
				<Units>ms</Units>
				<Description><![CDATA[Regarding the BackOffParameters of a certain CmdhNwAccessRule  Object Instance, this Resource contains the value for the maximum wait time]]></Description>
			</Item>
			<Item ID="4"><Name>OptionalRandomBackoffTime</Name>
				<Operations>RW</Operations>
				<MultipleInstances>Multiple</MultipleInstances>
				<Mandatory>Optional</Mandatory>
				<Type>Integer</Type>
				<RangeEnumeration></RangeEnumeration>
				<Units>ms</Units>
				<Description><![CDATA[Regarding the BackOffParameters of a certain CmdhNwAccessRule  Object Instance, this Resource contains the value for an optional random wait time.]]></Description>
			</Item></Resources>
		<Description2 />
	</Object>
</LWM2M>
