<?xml version="1.0" encoding="UTF-8"?>

<!--
FILE INFORMATION

OMA Permanent Document
   File: OMA-SUP-XML_23-V1_0-20201110-A.xml
   Path: http://www.openmobilealliance.org/release/ObjLwM2M_COSE/

OMNA LwM2M Registry
   Path: https://github.com/OpenMobileAlliance/lwm2m-registry
   Name: 23.xml

NORMATIVE INFORMATION

  Information about this file can be found in the latest revision of

    OMA-TS-LightweightM2M_Core-V1_2

  This is available at http://www.openmobilealliance.org/release/LightweightM2M/

  Send comments to https://github.com/OpenMobileAlliance/OMA_LwM2M_for_Developers/issues

LEGAL DISCLAIMER

  Copyright 2020 Open Mobile Alliance.

  Redistribution and use in source and binary forms, with or without
  modification, are permitted provided that the following conditions
  are met:

  1. Redistributions of source code must retain the above copyright
  notice, this list of conditions and the following disclaimer.
  2. Redistributions in binary form must reproduce the above copyright
  notice, this list of conditions and the following disclaimer in the
  documentation and/or other materials provided with the distribution.
  3. Neither the name of the copyright holder nor the names of its
  contributors may be used to endorse or promote products derived
  from this software without specific prior written permission.

  THIS SOFTWARE IS PROVIDED BY THE COPYRIGHT HOLDERS AND CONTRIBUTORS
  "AS IS" AND ANY EXPRESS OR IMPLIED WARRANTIES, INCLUDING, BUT NOT
  LIMITED TO, THE IMPLIED WARRANTIES OF MERCHANTABILITY AND FITNESS
  FOR A PARTICULAR PURPOSE ARE DISCLAIMED. IN NO EVENT SHALL THE
  COPYRIGHT HOLDER OR CONTRIBUTORS BE LIABLE FOR ANY DIRECT, INDIRECT,
  INCIDENTAL, SPECIAL, EXEMPLARY, OR CONSEQUENTIAL DAMAGES (INCLUDING,
  BUT NOT LIMITED TO, PROCUREMENT OF SUBSTITUTE GOODS OR SERVICES;
  LOSS OF USE, DATA, OR PROFITS; OR BUSINESS INTERRUPTION) HOWEVER
  CAUSED AND ON ANY THEORY OF LIABILITY, WHETHER IN CONTRACT, STRICT
  LIABILITY, OR TORT (INCLUDING NEGLIGENCE OR OTHERWISE) ARISING IN
  ANY WAY OUT OF THE USE OF THIS SOFTWARE, EVEN IF ADVISED OF THE
  POSSIBILITY OF SUCH DAMAGE.

  The above license is used as a license under copyright only.  Please
  reference the OMA IPR Policy for patent licensing terms:
  https://www.omaspecworks.org/about/intellectual-property-rights/

-->

<LWM2M xmlns:xsi="http://www.w3.org/2001/XMLSchema-instance" xsi:noNamespaceSchemaLocation="http://www.openmobilealliance.org/tech/profiles/LWM2M.xsd">
  <Object ObjectType="MODefinition">
		<Name>LwM2M COSE</Name>
		<Description1><![CDATA[This Object provides the keying material and related information for use with COSE.]]></Description1>
		<ObjectID>23</ObjectID>
		<ObjectURN>urn:oma:lwm2m:oma:23</ObjectURN>
    <LWM2MVersion>1.2</LWM2MVersion>
		<ObjectVersion>1.0</ObjectVersion>
    <MultipleInstances>Multiple</MultipleInstances>
		<Mandatory>Optional</Mandatory>
		<Resources>
			<Item ID="0"><Name>KID</Name>
				<Operations></Operations>
				<MultipleInstances>Single</MultipleInstances>
				<Mandatory>Mandatory</Mandatory>
				<Type>String</Type>
				<RangeEnumeration></RangeEnumeration>
				<Units></Units>
				<Description><![CDATA[This resource is used to indicate the key identifier.]]></Description>
			</Item>
			<Item ID="1"><Name>AEAD Algorithm</Name>
				<Operations></Operations>
				<MultipleInstances>Single</MultipleInstances>
				<Mandatory>Mandatory</Mandatory>
				<Type>Integer</Type>
				<RangeEnumeration></RangeEnumeration>
				<Units></Units>
				<Description><![CDATA[This resource is used to store the encoding of the AEAD Algorithm as defined in Table 10 of RFC 8152.]]></Description>
			</Item>
			<Item ID="2"><Name>Key</Name>
				<Operations></Operations>
				<MultipleInstances>Single</MultipleInstances>
				<Mandatory>Mandatory</Mandatory>
				<Type>String</Type>
				<RangeEnumeration></RangeEnumeration>
				<Units></Units>
				<Description><![CDATA[This resource is used to store the key for use with the indicated AEAD algorithm.]]></Description>
			</Item></Resources>
			<Description2><![CDATA[]]></Description2>
	</Object>
</LWM2M>
