<?xml version="1.0" encoding="UTF-8"?>

<!-- BSD-3 Clause License

Copyright 2019 Zumtobel Group. 

Redistribution and use in source and binary forms, with or without
modification, are permitted provided that the following conditions
are met:

1. Redistributions of source code must retain the above copyright
notice, this list of conditions and the following disclaimer.
2. Redistributions in binary form must reproduce the above copyright
notice, this list of conditions and the following disclaimer in the
documentation and/or other materials provided with the distribution.
3. Neither the name of the copyright holder nor the names of its
contributors may be used to endorse or promote products derived
from this software without specific prior written permission.

THIS SOFTWARE IS PROVIDED BY THE COPYRIGHT HOLDERS AND CONTRIBUTORS
"AS IS" AND ANY EXPRESS OR IMPLIED WARRANTIES, INCLUDING, BUT NOT
LIMITED TO, THE IMPLIED WARRANTIES OF MERCHANTABILITY AND FITNESS
FOR A PARTICULAR PURPOSE ARE DISCLAIMED. IN NO EVENT SHALL THE
COPYRIGHT HOLDER OR CONTRIBUTORS BE LIABLE FOR ANY DIRECT, INDIRECT,
INCIDENTAL, SPECIAL, EXEMPLARY, OR CONSEQUENTIAL DAMAGES (INCLUDING,
BUT NOT LIMITED TO, PROCUREMENT OF SUBSTITUTE GOODS OR SERVICES;
LOSS OF USE, DATA, OR PROFITS; OR BUSINESS INTERRUPTION) HOWEVER
CAUSED AND ON ANY THEORY OF LIABILITY, WHETHER IN CONTRACT, STRICT
LIABILITY, OR TORT (INCLUDING NEGLIGENCE OR OTHERWISE) ARISING IN
ANY WAY OUT OF THE USE OF THIS SOFTWARE, EVEN IF ADVISED OF THE
POSSIBILITY OF SUCH DAMAGE.
-->

<LWM2M xmlns:xsi="http://www.w3.org/2001/XMLSchema-instance" xsi:noNamespaceSchemaLocation="http://openmobilealliance.org/tech/profiles/LWM2M-v1_1.xsd">
  <Object ObjectType="MODefinition">
		<Name>oA Physical Push-Button Sensor</Name>
		<Description1><![CDATA[The 'oA_Physical_Push-Button_Sensor' represents the physical part of a push-button sensor. All logical push-button sensors (object instances of 'oA Push-Button Sensor') are mapped to one physical push-button sensor.]]></Description1>
		<ObjectID>3401</ObjectID>
		<ObjectURN>urn:oma:lwm2m:ext:3401</ObjectURN>
		<LWM2MVersion>1.1</LWM2MVersion>
		<ObjectVersion>1.0</ObjectVersion>
		<MultipleInstances>Multiple</MultipleInstances>
		<Mandatory>Optional</Mandatory>
		<Resources>
			<Item ID="4001">
				<Name>ObjectVersion</Name>
				<Operations>R</Operations>
				<MultipleInstances>Single</MultipleInstances>
				<Mandatory>Optional</Mandatory>
				<Type>String</Type>
				<RangeEnumeration></RangeEnumeration>
				<Units></Units>
				<Description><![CDATA[LWM2M Object versioning label.]]></Description>
			</Item>
			<Item ID="901">
				<Name>Documentary Description</Name>
				<Operations>RW</Operations>
				<MultipleInstances>Single</MultipleInstances>
				<Mandatory>Optional</Mandatory>
				<Type>String</Type>
				<RangeEnumeration>0..256 bytes</RangeEnumeration>
				<Units></Units>
				<Description><![CDATA[Resource to hold a documentary text description of the object.]]></Description>
			</Item>
			<Item ID="201">
				<Name>Push-Button Status Value</Name>
				<Operations>R</Operations>
				<MultipleInstances>Single</MultipleInstances>
				<Mandatory>Mandatory</Mandatory>
				<Type>Unsigned Integer</Type>
				<RangeEnumeration>0: RELEASED
				1: PRESSED
				2: FAULT</RangeEnumeration>
				<Units></Units>
				<Description><![CDATA[This Resource represents the current PRESSED/RELEASED state of the push-button.\n* 0: RELEASED - the switch/push-button is pressed or contact is opened\n* 1: PRESSED - the switch/push-button is pressed or contact is closed\n* 2: FAULT - the contact is in a faulty condition (e.g. stuck or non-reactive)]]></Description>
			</Item>
			<Item ID="907">
				<Name>Error Status</Name>
				<Operations>R</Operations>
				<MultipleInstances>Single</MultipleInstances>
				<Mandatory>Mandatory</Mandatory>
				<Type>Unsigned Integer</Type>
				<RangeEnumeration>0..255</RangeEnumeration>
				<Units></Units>
				<Description><![CDATA[Error status is a bit coded value that shows all current errors on the object. The error status changes as soon as a new error occurs or an old one is resolved. Bitwise: 0 (LSB): Hardware_Error, 1: Quality_Error, 2: Invalid_State]]></Description>
			</Item>
			<Item ID="908">
				<Name>Mounting Location</Name>
				<Operations>RW</Operations>
				<MultipleInstances>Single</MultipleInstances>
				<Mandatory>Mandatory</Mandatory>
				<Type>String</Type>
				<RangeEnumeration>1..64 bytes</RangeEnumeration>
				<Units></Units>
				<Description><![CDATA[Describes the location of the device within the building. The content of the string is site specific.]]></Description>
			</Item>
			<Item ID="5502">
				<Name>Digital Input Polarity</Name>
				<Operations>RW</Operations>
				<MultipleInstances>Single</MultipleInstances>
				<Mandatory>Mandatory</Mandatory>
				<Type>Boolean</Type>
				<RangeEnumeration></RangeEnumeration>
				<Units></Units>
				<Description><![CDATA[The polarity of the digital input as a Boolean (False = Normal, True = Reversed).]]></Description>
			</Item>
			<Item ID="5503">
				<Name>Digital Input Debounce</Name>
				<Operations>RW</Operations>
				<MultipleInstances>Single</MultipleInstances>
				<Mandatory>Mandatory</Mandatory>
				<Type>Integer</Type>
				<RangeEnumeration></RangeEnumeration>
				<Units>ms</Units>
				<Description><![CDATA[The debounce period in ms.]]></Description>
			</Item>
		</Resources>
		<Description2><![CDATA[]]></Description2>
	</Object>
</LWM2M>
