<?xml version="1.0" encoding="UTF-8"?>

<!-- BSD-3 Clause License

Copyright 2020 uCIFI Alliance

Redistribution and use in source and binary forms, with or without
modification, are permitted provided that the following conditions
are met:
1. Redistributions of source code must retain the above copyright
notice, this list of conditions and the following disclaimer.
2. Redistributions in binary form must reproduce the above copyright
notice, this list of conditions and the following disclaimer in the
documentation and/or other materials provided with the distribution.
3. Neither the name of the copyright holder nor the names of its
contributors may be used to endorse or promote products derived
from this software without specific prior written permission.
THIS SOFTWARE IS PROVIDED BY THE COPYRIGHT HOLDERS AND CONTRIBUTORS
"AS IS" AND ANY EXPRESS OR IMPLIED WARRANTIES, INCLUDING, BUT NOT
LIMITED TO, THE IMPLIED WARRANTIES OF MERCHANTABILITY AND FITNESS
FOR A PARTICULAR PURPOSE ARE DISCLAIMED. IN NO EVENT SHALL THE
COPYRIGHT HOLDER OR CONTRIBUTORS BE LIABLE FOR ANY DIRECT, INDIRECT,
INCIDENTAL, SPECIAL, EXEMPLARY, OR CONSEQUENTIAL DAMAGES (INCLUDING,
BUT NOT LIMITED TO, PROCUREMENT OF SUBSTITUTE GOODS OR SERVICES;
LOSS OF USE, DATA, OR PROFITS; OR BUSINESS INTERRUPTION) HOWEVER
CAUSED AND ON ANY THEORY OF LIABILITY, WHETHER IN CONTRACT, STRICT
LIABILITY, OR TORT (INCLUDING NEGLIGENCE OR OTHERWISE) ARISING IN
ANY WAY OUT OF THE USE OF THIS SOFTWARE, EVEN IF ADVISED OF THE
POSSIBILITY OF SUCH DAMAGE.

-->

<LWM2M xmlns:xsi="http://www.w3.org/2001/XMLSchema-instance"
	xsi:noNamespaceSchemaLocation="http://openmobilealliance.org/tech/profiles/LWM2M.xsd">
	<Object ObjectType="MODefinition">
		<Name>Electrical monitor</Name>
		<Description1>The uCIFI electrical monitor object provides attributes related to the analysis of electrical consumption in an outdoor luminaire or in a streetlight cabinet. It also identifies electrical anomalies.</Description1>
		<ObjectID>3418</ObjectID>
		<ObjectURN>urn:oma:lwm2m:ext:3418</ObjectURN>
		<LWM2MVersion>1.0</LWM2MVersion>
		<ObjectVersion>1.0</ObjectVersion>
		<MultipleInstances>Multiple</MultipleInstances>
		<Mandatory>Optional</Mandatory>
		<Resources>
			<Item ID="1">
				<Name>Supply voltage</Name>
				<Operations>R</Operations>
				<MultipleInstances>Single</MultipleInstances>
				<Mandatory>Optional</Mandatory>
				<Type>Float</Type>
				<RangeEnumeration></RangeEnumeration>
				<Units>V</Units>
				<Description>Electrical voltage supplied to the device.</Description>
			</Item>
			<Item ID="2">
				<Name>Supply current</Name>
				<Operations>R</Operations>
				<MultipleInstances>Single</MultipleInstances>
				<Mandatory>Optional</Mandatory>
				<Type>Float</Type>
				<RangeEnumeration></RangeEnumeration>
				<Units>A</Units>
				<Description>Electrical current supplied to the device.</Description>
			</Item>
			<Item ID="3">
				<Name>Frequency</Name>
				<Operations>R</Operations>
				<MultipleInstances>Single</MultipleInstances>
				<Mandatory>Optional</Mandatory>
				<Type>Float</Type>
				<RangeEnumeration></RangeEnumeration>
				<Units>Hz</Units>
				<Description>Frequency of the supply current to the device.</Description>
			</Item>
			<Item ID="4">
				<Name>Active power</Name>
				<Operations>R</Operations>
				<MultipleInstances>Single</MultipleInstances>
				<Mandatory>Optional</Mandatory>
				<Type>Float</Type>
				<RangeEnumeration></RangeEnumeration>
				<Units>W</Units>
				<Description>Active power consumed by the device and its electrical load.</Description>
			</Item>
			<Item ID="5">
				<Name>Power factor</Name>
				<Operations>R</Operations>
				<MultipleInstances>Single</MultipleInstances>
				<Mandatory>Optional</Mandatory>
				<Type>Float</Type>
				<RangeEnumeration>-1..1</RangeEnumeration>
				<Units></Units>
				<Description>Power factor is equal to active power divided by apparent power. The value is between -1 and +1.</Description>
			</Item>
			<Item ID="6">
				<Name>Cumulated active energy</Name>
				<Operations>R</Operations>
				<MultipleInstances>Single</MultipleInstances>
				<Mandatory>Optional</Mandatory>
				<Type>Float</Type>
				<RangeEnumeration></RangeEnumeration>
				<Units>kWh</Units>
				<Description>Cumulated number of kWh measured by the device and its load since last energy counter reset.</Description>
			</Item>
			<Item ID="7">
				<Name>Energy reset</Name>
				<Operations>E</Operations>
				<MultipleInstances>Single</MultipleInstances>
				<Mandatory>Optional</Mandatory>
				<Type></Type>
				<RangeEnumeration></RangeEnumeration>
				<Units></Units>
				<Description>Reset both cumulated active and reactive energy counter.</Description>
			</Item>
			<Item ID="8">
				<Name>Low power factor threshold</Name>
				<Operations>RW</Operations>
				<MultipleInstances>Single</MultipleInstances>
				<Mandatory>Optional</Mandatory>
				<Type>Float</Type>
				<RangeEnumeration></RangeEnumeration>
				<Units></Units>
				<Description>Threshold below which the device should trigger a low power factor event.</Description>
			</Item>
			<Item ID="9">
				<Name>Low power factor</Name>
				<Operations>R</Operations>
				<MultipleInstances>Single</MultipleInstances>
				<Mandatory>Optional</Mandatory>
				<Type>Boolean</Type>
				<RangeEnumeration></RangeEnumeration>
				<Units></Units>
				<Description>Set to True if the power factor is below threshold. This is an absolute value threshold.</Description>
			</Item>
			<Item ID="10">
				<Name>Low power threshold</Name>
				<Operations>RW</Operations>
				<MultipleInstances>Single</MultipleInstances>
				<Mandatory>Optional</Mandatory>
				<Type>Float</Type>
				<RangeEnumeration></RangeEnumeration>
				<Units>W</Units>
				<Description>Threshold below which the device should trigger a low power event.</Description>
			</Item>
			<Item ID="11">
				<Name>Low power threshold at low dim level</Name>
				<Operations>RW</Operations>
				<MultipleInstances>Single</MultipleInstances>
				<Mandatory>Optional</Mandatory>
				<Type>Float</Type>
				<RangeEnumeration></RangeEnumeration>
				<Units>W</Units>
				<Description>Threshold below which the device should trigger a low power event. This is an addition to the low power threshold to allow a separated threshold when dim level is low.</Description>
			</Item>
			<Item ID="12">
				<Name>Low power</Name>
				<Operations>R</Operations>
				<MultipleInstances>Single</MultipleInstances>
				<Mandatory>Optional</Mandatory>
				<Type>Boolean</Type>
				<RangeEnumeration></RangeEnumeration>
				<Units></Units>
				<Description>Set to True if the power is below threshold. Vendor may consider the Low power threshold at low dim level to set this resource to True, taking into account the lamp dim level.</Description>
			</Item>
			<Item ID="13">
				<Name>High power threshold</Name>
				<Operations>RW</Operations>
				<MultipleInstances>Single</MultipleInstances>
				<Mandatory>Optional</Mandatory>
				<Type>Float</Type>
				<RangeEnumeration></RangeEnumeration>
				<Units>W</Units>
				<Description>Threshold above which the device should trigger a high power event.</Description>
			</Item>
			<Item ID="14">
				<Name>High power threshold at low dim level</Name>
				<Operations>RW</Operations>
				<MultipleInstances>Single</MultipleInstances>
				<Mandatory>Optional</Mandatory>
				<Type>Float</Type>
				<RangeEnumeration></RangeEnumeration>
				<Units>W</Units>
				<Description>Threshold above which the device should trigger a high power event. This is an addition to the high power threshold to allow a separated threshold when dim level is low.</Description>
			</Item>
			<Item ID="15">
				<Name>High power</Name>
				<Operations>R</Operations>
				<MultipleInstances>Single</MultipleInstances>
				<Mandatory>Optional</Mandatory>
				<Type>Boolean</Type>
				<RangeEnumeration></RangeEnumeration>
				<Units></Units>
				<Description>Set to True if the power is above threshold. Vendor may consider the High power threshold at low dim level to set this resource to True, taking into account the lamp dim level.</Description>
			</Item>
			<Item ID="16">
				<Name>Low current threshold</Name>
				<Operations>RW</Operations>
				<MultipleInstances>Single</MultipleInstances>
				<Mandatory>Optional</Mandatory>
				<Type>Float</Type>
				<RangeEnumeration></RangeEnumeration>
				<Units>A</Units>
				<Description>Threshold below which the device should trigger a low current event.</Description>
			</Item>
			<Item ID="17">
				<Name>Low current</Name>
				<Operations>R</Operations>
				<MultipleInstances>Single</MultipleInstances>
				<Mandatory>Optional</Mandatory>
				<Type>Boolean</Type>
				<RangeEnumeration></RangeEnumeration>
				<Units></Units>
				<Description>Set to True if the current is below threshold.</Description>
			</Item>
			<Item ID="18">
				<Name>High current threshold</Name>
				<Operations>RW</Operations>
				<MultipleInstances>Single</MultipleInstances>
				<Mandatory>Optional</Mandatory>
				<Type>Float</Type>
				<RangeEnumeration></RangeEnumeration>
				<Units>A</Units>
				<Description>Threshold above which the device should trigger a high current event.</Description>
			</Item>
			<Item ID="19">
				<Name>High current</Name>
				<Operations>R</Operations>
				<MultipleInstances>Single</MultipleInstances>
				<Mandatory>Optional</Mandatory>
				<Type>Boolean</Type>
				<RangeEnumeration></RangeEnumeration>
				<Units></Units>
				<Description>Set to True if the current is above threshold.</Description>
			</Item>
			<Item ID="20">
				<Name>Low voltage threshold</Name>
				<Operations>RW</Operations>
				<MultipleInstances>Single</MultipleInstances>
				<Mandatory>Optional</Mandatory>
				<Type>Float</Type>
				<RangeEnumeration></RangeEnumeration>
				<Units>V</Units>
				<Description>Threshold below which the device should trigger a low voltage event.</Description>
			</Item>
			<Item ID="21">
				<Name>Low voltage</Name>
				<Operations>R</Operations>
				<MultipleInstances>Single</MultipleInstances>
				<Mandatory>Optional</Mandatory>
				<Type>Boolean</Type>
				<RangeEnumeration></RangeEnumeration>
				<Units></Units>
				<Description>Set to True if the voltage is below threshold.</Description>
			</Item>
			<Item ID="22">
				<Name>High voltage threshold</Name>
				<Operations>RW</Operations>
				<MultipleInstances>Single</MultipleInstances>
				<Mandatory>Optional</Mandatory>
				<Type>Float</Type>
				<RangeEnumeration>ON;OFF</RangeEnumeration>
				<Units>V</Units>
				<Description>Threshold above which the device should trigger a high voltage event.</Description>
			</Item>
			<Item ID="23">
				<Name>High voltage</Name>
				<Operations>R</Operations>
				<MultipleInstances>Single</MultipleInstances>
				<Mandatory>Optional</Mandatory>
				<Type>Boolean</Type>
				<RangeEnumeration></RangeEnumeration>
				<Units></Units>
				<Description>Set to True if the voltage is above threshold.</Description>
			</Item>
			<Item ID="24">
				<Name>Critical inrush threshold</Name>
				<Operations>RW</Operations>
				<MultipleInstances>Single</MultipleInstances>
				<Mandatory>Optional</Mandatory>
				<Type>Float</Type>
				<RangeEnumeration></RangeEnumeration>
				<Units>A</Units>
				<Description>Threshold above which the device should trigger a critical inrush event.</Description>
			</Item>
			<Item ID="25">
				<Name>Critical inrush current</Name>
				<Operations>R</Operations>
				<MultipleInstances>Single</MultipleInstances>
				<Mandatory>Optional</Mandatory>
				<Type>Boolean</Type>
				<RangeEnumeration></RangeEnumeration>
				<Units></Units>
				<Description>Set to True if the inrush current is above threshold.</Description>
			</Item>
			<Item ID="26">
				<Name>Minimum inrush Current</Name>
				<Operations>R</Operations>
				<MultipleInstances>Single</MultipleInstances>
				<Mandatory>Optional</Mandatory>
				<Type>Float</Type>
				<RangeEnumeration></RangeEnumeration>
				<Units>A</Units>
				<Description>Minimum inrush current since last configuration.</Description>
			</Item>
			<Item ID="27">
				<Name>Maximum inrush Current</Name>
				<Operations>R</Operations>
				<MultipleInstances>Single</MultipleInstances>
				<Mandatory>Optional</Mandatory>
				<Type>Float</Type>
				<RangeEnumeration></RangeEnumeration>
				<Units>A</Units>
				<Description>Maximum inrush current since last configuration.</Description>
			</Item>
			<Item ID="28">
				<Name>Latest inrush Current</Name>
				<Operations>R</Operations>
				<MultipleInstances>Single</MultipleInstances>
				<Mandatory>Optional</Mandatory>
				<Type>Float</Type>
				<RangeEnumeration></RangeEnumeration>
				<Units>A</Units>
				<Description>Latest inrush current measured since last time the relay switched ON.</Description>
			</Item>
			<Item ID="29">
				<Name>Reactive power</Name>
				<Operations>R</Operations>
				<MultipleInstances>Single</MultipleInstances>
				<Mandatory>Optional</Mandatory>
				<Type>Float</Type>
				<RangeEnumeration></RangeEnumeration>
				<Units>var</Units>
				<Description>Instantaneous reactive power measured by the device and its electrical load.</Description>
			</Item>
			<Item ID="30">
				<Name>Reactive energy</Name>
				<Operations>R</Operations>
				<MultipleInstances>Single</MultipleInstances>
				<Mandatory>Optional</Mandatory>
				<Type>Float</Type>
				<RangeEnumeration></RangeEnumeration>
				<Units>varh</Units>
				<Description>Cumulative reactive power measured by the device and its electrical load since last energy counter reset.</Description>
			</Item>
		</Resources>
		<Description2></Description2>
	</Object>
</LWM2M>
