<?xml version="1.0" encoding="UTF-8"?>

<!-- BSD-3 Clause License

Copyright 2020 uCIFI Alliance

Redistribution and use in source and binary forms, with or without
modification, are permitted provided that the following conditions
are met:
1. Redistributions of source code must retain the above copyright
notice, this list of conditions and the following disclaimer.
2. Redistributions in binary form must reproduce the above copyright
notice, this list of conditions and the following disclaimer in the
documentation and/or other materials provided with the distribution.
3. Neither the name of the copyright holder nor the names of its
contributors may be used to endorse or promote products derived
from this software without specific prior written permission.
THIS SOFTWARE IS PROVIDED BY THE COPYRIGHT HOLDERS AND CONTRIBUTORS
"AS IS" AND ANY EXPRESS OR IMPLIED WARRANTIES, INCLUDING, BUT NOT
LIMITED TO, THE IMPLIED WARRANTIES OF MERCHANTABILITY AND FITNESS
FOR A PARTICULAR PURPOSE ARE DISCLAIMED. IN NO EVENT SHALL THE
COPYRIGHT HOLDER OR CONTRIBUTORS BE LIABLE FOR ANY DIRECT, INDIRECT,
INCIDENTAL, SPECIAL, EXEMPLARY, OR CONSEQUENTIAL DAMAGES (INCLUDING,
BUT NOT LIMITED TO, PROCUREMENT OF SUBSTITUTE GOODS OR SERVICES;
LOSS OF USE, DATA, OR PROFITS; OR BUSINESS INTERRUPTION) HOWEVER
CAUSED AND ON ANY THEORY OF LIABILITY, WHETHER IN CONTRACT, STRICT
LIABILITY, OR TORT (INCLUDING NEGLIGENCE OR OTHERWISE) ARISING IN
ANY WAY OUT OF THE USE OF THIS SOFTWARE, EVEN IF ADVISED OF THE
POSSIBILITY OF SUCH DAMAGE.

-->

<LWM2M xmlns:xsi="http://www.w3.org/2001/XMLSchema-instance"
	xsi:noNamespaceSchemaLocation="http://openmobilealliance.org/tech/profiles/LWM2M.xsd">
	<Object ObjectType="MODefinition">
		<Name>Traffic Counter</Name>
		<Description1>The uCIFI traffic counter provides vehicle counting and traffic analysis data. A traffic counting device may implement multiple instances of this traffic counter object, each of them being in charge of counting different categories of vehicles (e.g. bikes, cars, trucks).</Description1>
		<ObjectID>3432</ObjectID>
		<ObjectURN>urn:oma:lwm2m:ext:3432</ObjectURN>
		<LWM2MVersion>1.0</LWM2MVersion>
		<ObjectVersion>1.0</ObjectVersion>
		<MultipleInstances>Multiple</MultipleInstances>
		<Mandatory>Optional</Mandatory>
		<Resources>
			<Item ID="1">
				<Name>Cumulated number</Name>
				<Operations>R</Operations>
				<MultipleInstances>Single</MultipleInstances>
				<Mandatory>Optional</Mandatory>
				<Type>Integer</Type>
				<RangeEnumeration></RangeEnumeration>
				<Units></Units>
				<Description>Cumulated number of vehicles counted since last reset.</Description>
			</Item>
			<Item ID="2">
				<Name>Reset cumulated number</Name>
				<Operations>E</Operations>
				<MultipleInstances>Single</MultipleInstances>
				<Mandatory>Optional</Mandatory>
				<Type></Type>
				<RangeEnumeration></RangeEnumeration>
				<Units></Units>
				<Description>Reset the cumulated number of vehicles.</Description>
			</Item>
			<Item ID="3">
				<Name>Cumulated number today</Name>
				<Operations>R</Operations>
				<MultipleInstances>Single</MultipleInstances>
				<Mandatory>Mandatory</Mandatory>
				<Type>Integer</Type>
				<RangeEnumeration></RangeEnumeration>
				<Units></Units>
				<Description>Cumulated number of vehicles counted today.</Description>
			</Item>
			<Item ID="4">
				<Name>Measuring period 1</Name>
				<Operations>RW</Operations>
				<MultipleInstances>Single</MultipleInstances>
				<Mandatory>Optional</Mandatory>
				<Type>Integer</Type>
				<RangeEnumeration></RangeEnumeration>
				<Units>s</Units>
				<Description>Time period 1 during which the counter shall provide number of vehicles (e.g. 1 hour).</Description>
			</Item>
			<Item ID="5">
				<Name>Measuring period 2</Name>
				<Operations>RW</Operations>
				<MultipleInstances>Single</MultipleInstances>
				<Mandatory>Optional</Mandatory>
				<Type>Integer</Type>
				<RangeEnumeration></RangeEnumeration>
				<Units>s</Units>
				<Description>Time period 2 during which the counter shall provide number of vehicles (e.g. 15 minutes).</Description>
			</Item>
			<Item ID="6">
				<Name>Measuring period 3</Name>
				<Operations>RW</Operations>
				<MultipleInstances>Single</MultipleInstances>
				<Mandatory>Optional</Mandatory>
				<Type>Integer</Type>
				<RangeEnumeration></RangeEnumeration>
				<Units>s</Units>
				<Description>Time period 3 during which the counter shall provide number of vehicles (e.g. 5 minutes).</Description>
			</Item>
			<Item ID="7">
				<Name>Cumulated number during last period 1</Name>
				<Operations>R</Operations>
				<MultipleInstances>Single</MultipleInstances>
				<Mandatory>Optional</Mandatory>
				<Type>Integer</Type>
				<RangeEnumeration></RangeEnumeration>
				<Units></Units>
				<Description>Cumulated number of vehicles counted during the last period 1 (e.g. 1 hour).</Description>
			</Item>
			<Item ID="8">
				<Name>Cumulated number during last period 2</Name>
				<Operations>R</Operations>
				<MultipleInstances>Single</MultipleInstances>
				<Mandatory>Optional</Mandatory>
				<Type>Integer</Type>
				<RangeEnumeration></RangeEnumeration>
				<Units></Units>
				<Description>Cumulated number of vehicles counted during the last period 2 (e.g. 15 minutes).</Description>
			</Item>
			<Item ID="9">
				<Name>Cumulated number during last period 3</Name>
				<Operations>R</Operations>
				<MultipleInstances>Single</MultipleInstances>
				<Mandatory>Optional</Mandatory>
				<Type>Integer</Type>
				<RangeEnumeration></RangeEnumeration>
				<Units></Units>
				<Description>Cumulated number of vehicles counted during the last period 3 (e.g. 5 minutes).</Description>
			</Item>
			<Item ID="10">
				<Name>Average speed during last period 1</Name>
				<Operations>R</Operations>
				<MultipleInstances>Single</MultipleInstances>
				<Mandatory>Optional</Mandatory>
				<Type>Integer</Type>
				<RangeEnumeration></RangeEnumeration>
				<Units></Units>
				<Description>Average speed measured on the vehicles during the last period 1 (e.g. 1 hour).</Description>
			</Item>
			<Item ID="11">
				<Name>Average speed during last period 2</Name>
				<Operations>R</Operations>
				<MultipleInstances>Single</MultipleInstances>
				<Mandatory>Optional</Mandatory>
				<Type>Integer</Type>
				<RangeEnumeration></RangeEnumeration>
				<Units></Units>
				<Description>Average speed measured on the vehicles during the last period 2 (e.g. 15 minutes).</Description>
			</Item>
			<Item ID="12">
				<Name>Average speed during last period 3</Name>
				<Operations>R</Operations>
				<MultipleInstances>Single</MultipleInstances>
				<Mandatory>Optional</Mandatory>
				<Type>Integer</Type>
				<RangeEnumeration></RangeEnumeration>
				<Units></Units>
				<Description>Average speed measured on the vehicles during the last period 3 (e.g. 5 minutes).</Description>
			</Item>
			<Item ID="13">
				<Name>Average distance during last period 1</Name>
				<Operations>R</Operations>
				<MultipleInstances>Single</MultipleInstances>
				<Mandatory>Optional</Mandatory>
				<Type>Integer</Type>
				<RangeEnumeration></RangeEnumeration>
				<Units></Units>
				<Description>Average distance between two vehicles measured during the last period 1 (e.g. 1 hour).</Description>
			</Item>
			<Item ID="14">
				<Name>Average distance during last period 2</Name>
				<Operations>R</Operations>
				<MultipleInstances>Single</MultipleInstances>
				<Mandatory>Optional</Mandatory>
				<Type>Integer</Type>
				<RangeEnumeration></RangeEnumeration>
				<Units></Units>
				<Description>Average distance between two vehicles measured during the last period 2 (e.g. 15 minutes).</Description>
			</Item>
			<Item ID="15">
				<Name>Average distance during last period 3</Name>
				<Operations>R</Operations>
				<MultipleInstances>Single</MultipleInstances>
				<Mandatory>Optional</Mandatory>
				<Type>Integer</Type>
				<RangeEnumeration></RangeEnumeration>
				<Units></Units>
				<Description>Average distance between two vehicles measured during the last period 3 (e.g. 5 minutes).</Description>
			</Item>
			<Item ID="16">
				<Name>Speed limit threshold</Name>
				<Operations>RW</Operations>
				<MultipleInstances>Single</MultipleInstances>
				<Mandatory>Optional</Mandatory>
				<Type>Integer</Type>
				<RangeEnumeration></RangeEnumeration>
				<Units></Units>
				<Description>Speed limit threshold used to calculate the percentage of vehicles above speed limit.</Description>
			</Item>
			<Item ID="17">
				<Name>Percentage above speed limit</Name>
				<Operations>R</Operations>
				<MultipleInstances>Single</MultipleInstances>
				<Mandatory>Optional</Mandatory>
				<Type>Integer</Type>
				<RangeEnumeration></RangeEnumeration>
				<Units></Units>
				<Description>Percentage of vehicles driving above speed limit.</Description>
			</Item>
		</Resources>
		<Description2></Description2>
	</Object>
</LWM2M>
